<configuration>
    <appender name="STDOUT" class="ch.qos.logback.core.ConsoleAppender">
        <encoder>
            <pattern>
                %d{HH:mm:ss.SSS} [%thread] %-5level %logger{36} -%kvp- %msg%n
            </pattern>
        </encoder>
    </appender>

    <appender name="File" class="ch.qos.logback.core.FileAppender">
        <file>C:\Users\USER\IdeaProjects\Pos_Back_End\app.log</file>
        <append>true</append>
        <encoder>
            <pattern>
                %d{HH:mm:ss.SSS} [%thread] %-5level %logger{36} -%kvp- %msg%n
            </pattern>
        </encoder>
    </appender>
    <root level="DEBUG">
        <appender-ref ref="STDOUT" />
        <appender-ref ref="File" />
    </root>
</configuration>
